<?xml version='1.0' encoding='UTF-8'?><feed xmlns='http://www.w3.org/2005/Atom' xmlns:openSearch='http://a9.com/-/spec/opensearchrss/1.0/' xmlns:gm='http://base.google.com/ns-metadata/1.0' xmlns:g='http://base.google.com/ns/1.0' xmlns:batch='http://schemas.google.com/gdata/batch'><id>http://www.google.com/base/feeds/snippets</id><updated>2008-07-13T02:01:29.738Z</updated><title type='text'>Items matching query: watch</title><link rel='alternate' type='text/html' href='http://base.google.com'/><link rel='http://schemas.google.com/g/2005#feed' type='application/atom+xml' href='http://www.google.com/base/feeds/snippets'/><link rel='http://schemas.google.com/g/2005#batch' type='application/atom+xml' href='http://www.google.com/base/feeds/snippets/batch'/><link rel='self' type='application/atom+xml' href='http://www.google.com/base/feeds/snippets?start-index=1&amp;max-results=25&amp;bq=watch'/><link rel='next' type='application/atom+xml' href='http://www.google.com/base/feeds/snippets?start-index=26&amp;max-results=25&amp;bq=watch'/><author><name>Google Inc.</name><email>base@google.com</email></author><generator version='1.0' uri='http://base.google.com'>GoogleBase</generator><openSearch:totalResults>3604707</openSearch:totalResults><openSearch:startIndex>1</openSearch:startIndex><openSearch:itemsPerPage>25</openSearch:itemsPerPage><entry><id>http://www.google.com/base/feeds/snippets/6462708726601626312</id><published>2007-06-06T06:59:31.000Z</published><updated>2008-07-12T06:50:31.000Z</updated><category scheme='http://base.google.com/categories/itemtypes' term='Products'/><title type='text'>Human Rights Watch Global Report on Prisons</title><content type='html'>Human Rights Watch Staff (Editor),Paperback, English-language edition,Pages:344,Pub by Human Rights Watch</content><link rel='alternate' type='text/html' href='http://search.barnesandnoble.com/Human-Rights-Watch-Global-Report-on-Prisons/Human-Rights-Watch-Staff/e/9781564321015?sourceid=Q000000630'/><link rel='self' type='application/atom+xml' href='http://www.google.com/base/feeds/snippets/6462708726601626312'/><author><name>Barnes &amp; Noble.com</name><email>anon-h0z4ch9cz5h5@base.google.com</email></author><g:genre type='text'>Social Sciences</g:genre><g:condition type='text'>new</g:condition><g:pages type='int'>344</g:pages><g:product_type type='text'>books</g:product_type><g:image_link type='url'>http://images.barnesandnoble.com/images/2380000/2388675.gif</g:image_link><g:item_language type='text'>EN</g:item_language><g:publisher type='text'>Human Rights Watch</g:publisher><g:id type='text'>9781564321015</g:id><g:author type='text'>Human Rights Watch Staff (Editor)</g:author><g:price type='floatUnit'>20.0 usd</g:price><g:target_country type='text'>US</g:target_country><g:isbn type='text'>1564321010</g:isbn><g:expiration_date type='dateTime'>2008-08-11T06:50:31Z</g:expiration_date><g:binding type='text'>Paperback</g:binding><g:customer_id type='int'>1165992</g:customer_id><g:item_type type='text'>Products</g:item_type></entry><entry><id>http://www.google.com/base/feeds/snippets/12913036032196020381</id><published>2008-07-11T19:00:02.000Z</published><updated>2008-07-11T19:00:02.000Z</updated><category scheme='http://base.google.com/categories/itemtypes' term='Products'/><title type='text'>Boxer Dog Italian Charm Watch + 16 Charms - KW210</title><content type='html'>Boxer Dog Italian Charm Watch(Water Resistant) + 16 pcs Boxer Dog Photo Italian Charms HIGH QUALITY ITALIAN CHARM WATCH AND PHOTO CHARMS DESCRIPTIONS:Winning Bidder will get a Boxer Dog Italian Charm Watch and 16 pcsPhoto Italian Charms. The watch  ...</content><link rel='alternate' type='text/html' href='http://rover.ebay.com/rover/1/711-43310-8196-0/2?loc=http%3A%2F%2Fcgi.ebay.com%2FBoxer-Dog-Italian-Charm-Watch-16-Charms-KW210_W0QQitemZ180261307506QQcmdZViewItem'/><link rel='self' type='application/atom+xml' href='http://www.google.com/base/feeds/snippets/12913036032196020381'/><author><name>eBay</name></author><g:plusbox_extra_query type='text'>ebayid=080711</g:plusbox_extra_query><g:plusbox_extra_query type='text'>kw={keyword:}</g:plusbox_extra_query><g:condition type='text'>New</g:condition><g:item_site_text type='text'>US</g:item_site_text><g:ebay_label type='text'>Other</g:ebay_label><g:product_type type='text'>Jewelry</g:product_type><g:product_type type='text'>Other</g:product_type><g:image_link type='url'>http://thumbs.ebaystatic.com/pict/180261307506_1.jpg</g:image_link><g:jewelry_type type='text'>Watch</g:jewelry_type><g:jewelry_type type='text'>Ring</g:jewelry_type><g:jewelry_type type='text'>Charm</g:jewelry_type><g:item_language type='text'>EN</g:item_language><g:id type='text'>180261307506</g:id><g:author type='text'>eBay</g:author><g:price type='floatUnit'>9.99 usd</g:price><g:target_country type='text'>US</g:target_country><g:expiration_date type='dateTime'>2008-07-22T07:00:00Z</g:expiration_date><g:bin_price type='text'>9.99</g:bin_price><g:brand type='text'>Citizen</g:brand><g:customer_id type='int'>11729</g:customer_id><g:item_type type='text'>Products</g:item_type></entry><entry><id>http://www.google.com/base/feeds/snippets/5626625767310989791</id><published>2008-07-11T19:00:02.000Z</published><updated>2008-07-11T19:00:02.000Z</updated><category scheme='http://base.google.com/categories/itemtypes' term='Products'/><title type='text'>NEW! Poala Bear MEGA Italian Charms and Watch - KH68</title><content type='html'>Poala Bear Mega Italian Charm Watch(Water Resistant) + 5 pcs Poala Bear Mega Photo Italian CharmsItalian Charm RevolutionEXCLUSIVE DESIGN! Unique Watch and Charm Jewelries That You Cannot Get From Anywhere Else!!! DESCRIPTIONS:This auction is for an ...</content><link rel='alternate' type='text/html' href='http://rover.ebay.com/rover/1/711-43310-8196-0/2?loc=http%3A%2F%2Fcgi.ebay.com%2FNEW-Poala-Bear-MEGA-Italian-Charms-and-Watch-KH68_W0QQitemZ180254950319QQcmdZViewItem'/><link rel='self' type='application/atom+xml' href='http://www.google.com/base/feeds/snippets/5626625767310989791'/><author><name>eBay</name></author><g:plusbox_extra_query type='text'>kw={keyword:}</g:plusbox_extra_query><g:plusbox_extra_query type='text'>ebayid=080711</g:plusbox_extra_query><g:condition type='text'>New</g:condition><g:item_site_text type='text'>US</g:item_site_text><g:ebay_label type='text'>Other Themes</g:ebay_label><g:product_type type='text'>Jewelry</g:product_type><g:product_type type='text'>Other Themes</g:product_type><g:image_link type='url'>http://thumbs.ebaystatic.com/pict/180254950319_1.jpg</g:image_link><g:jewelry_type type='text'>Ring</g:jewelry_type><g:jewelry_type type='text'>Charm</g:jewelry_type><g:jewelry_type type='text'>Watch</g:jewelry_type><g:item_language type='text'>EN</g:item_language><g:jewelry_style type='text'>Plain</g:jewelry_style><g:id type='text'>180254950319</g:id><g:author type='text'>eBay</g:author><g:price type='floatUnit'>9.99 usd</g:price><g:target_country type='text'>US</g:target_country><g:jewelry_material type='text'>Stainless Steel</g:jewelry_material><g:expiration_date type='dateTime'>2008-07-13T07:00:00Z</g:expiration_date><g:bin_price type='text'>9.99</g:bin_price><g:brand type='text'>Citizen</g:brand><g:gender type='text'>Unisex</g:gender><g:customer_id type='int'>11729</g:customer_id><g:item_type type='text'>Products</g:item_type></entry><entry><id>http://www.google.com/base/feeds/snippets/16602215028796952832</id><published>2008-07-06T17:00:01.000Z</published><updated>2008-07-11T21:00:01.000Z</updated><category scheme='http://base.google.com/categories/itemtypes' term='Products'/><title type='text'>Antique Elgin 575 10K Pocket Watch 1/20 12K Gold Chain</title><content type='html'>~ Antique Elgin 575 10K Gold Pocket Watch ~+ 12K Chain!!! You are bidding on an Antique Elgin 575 10K Pocket Watch in very good condition. This watch is a GREAT collectors piece and is in PERFECT working condition!!! It has a white face with  ...</content><link rel='alternate' type='text/html' href='http://rover.ebay.com/rover/1/711-43310-8196-0/2?loc=http%3A%2F%2Fcgi.ebay.com%2FAntique-Elgin-575-10K-Pocket-Watch-1-20-12K-Gold-Chain_W0QQitemZ150261610832QQcmdZViewItem'/><link rel='self' type='application/atom+xml' href='http://www.google.com/base/feeds/snippets/16602215028796952832'/><author><name>eBay</name></author><g:plusbox_extra_query type='text'>kw={keyword:}</g:plusbox_extra_query><g:plusbox_extra_query type='text'>ebayid=080711</g:plusbox_extra_query><g:condition type='text'>Used</g:condition><g:gold_karats type='floatUnit'>12.0 karat</g:gold_karats><g:gold_karats type='floatUnit'>10.0 karat</g:gold_karats><g:item_site_text type='text'>US</g:item_site_text><g:ebay_label type='text'>Elgin</g:ebay_label><g:product_type type='text'>Jewelry</g:product_type><g:product_type type='text'>Elgin</g:product_type><g:image_link type='url'>http://thumbs.ebaystatic.com/pict/150261610832_1.jpg</g:image_link><g:jewelry_type type='text'>Chain</g:jewelry_type><g:jewelry_type type='text'>Watch</g:jewelry_type><g:item_language type='text'>EN</g:item_language><g:id type='text'>150261610832</g:id><g:author type='text'>eBay</g:author><g:price type='floatUnit'>129.95 usd</g:price><g:target_country type='text'>US</g:target_country><g:jewelry_material type='text'>Gold</g:jewelry_material><g:expiration_date type='dateTime'>2008-07-20T07:00:00Z</g:expiration_date><g:brand type='text'>Elgin</g:brand><g:bin_price type='text'>129.95</g:bin_price><g:customer_id type='int'>11729</g:customer_id><g:item_type type='text'>Products</g:item_type></entry><entry><id>http://www.google.com/base/feeds/snippets/13295559898674538445</id><published>2008-01-16T10:42:04.000Z</published><updated>2008-07-09T09:12:32.000Z</updated><category scheme='http://base.google.com/categories/itemtypes' term='Products'/><title type='text'>Red Wood Twelve Slot Watch Box #P10-02-TAN</title><content type='html'>Amazon.com Product Description: This Swiss Watch International 12-slot watch box is the ideal accouterment for those who have a cultivated watch collection and want to keep it safe. A classy way to protect your even classier watches, this polished,  ...</content><link rel='alternate' type='text/html' href='http://www.amazon.com/gp/product/B000OP72R0'/><link rel='self' type='application/atom+xml' href='http://www.google.com/base/feeds/snippets/13295559898674538445'/><author><name>Amazon.com</name></author><g:id type='text'>B000OP72R0</g:id><g:price type='floatUnit'>60.0 usd</g:price><g:target_country type='text'>US</g:target_country><g:condition type='text'>new</g:condition><g:expiration_date type='dateTime'>2008-08-08T09:12:32Z</g:expiration_date><g:brand type='text'>Swiss Watch International</g:brand><g:product_type type='text'>Watches</g:product_type><g:image_link type='url'>http://ecx.images-amazon.com/images/I/41Um0tYm0kL._SL500_AA280_.jpg</g:image_link><g:mpn type='text'>P10-02-TAN</g:mpn><g:customer_id type='int'>2860562</g:customer_id><g:item_type type='text'>Products</g:item_type><g:item_language type='text'>EN</g:item_language></entry><entry><id>http://www.google.com/base/feeds/snippets/18341185902465579338</id><published>2008-01-16T10:42:04.000Z</published><updated>2008-07-09T09:10:12.000Z</updated><category scheme='http://base.google.com/categories/itemtypes' term='Products'/><title type='text'>Momentum Lugano Men's Soft Mesh Watch #1M-CD70B0</title><content type='html'>Amazon.com Product Description: Combining a stunning, classic design from the 1950's and the latest in Swiss watch making craftsmanship, the Lugano Automatic is built to last a lifetime. Manufactured in a small but highly-specialized Swiss factory  ...</content><link rel='alternate' type='text/html' href='http://www.amazon.com/gp/product/B000PDHMYY'/><link rel='self' type='application/atom+xml' href='http://www.google.com/base/feeds/snippets/18341185902465579338'/><author><name>Amazon.com</name></author><g:id type='text'>B000PDHMYY</g:id><g:price type='floatUnit'>610.0 usd</g:price><g:target_country type='text'>US</g:target_country><g:condition type='text'>new</g:condition><g:expiration_date type='dateTime'>2008-08-08T09:10:12Z</g:expiration_date><g:brand type='text'>St Moritz Watch Corp</g:brand><g:product_type type='text'>Watches</g:product_type><g:image_link type='url'>http://ecx.images-amazon.com/images/I/41ZZqvEKq-L._SL500_AA280_.jpg</g:image_link><g:mpn type='text'>1M-CD70B0</g:mpn><g:customer_id type='int'>2860562</g:customer_id><g:item_type type='text'>Products</g:item_type><g:item_language type='text'>EN</g:item_language></entry><entry><id>http://www.google.com/base/feeds/snippets/18128212370239981577</id><published>2008-06-25T05:40:09.000Z</published><updated>2008-07-09T09:13:25.000Z</updated><category scheme='http://base.google.com/categories/itemtypes' term='Products'/><title type='text'>Momentum Midsize Lugano Alligator Watch #1M-CD70S2</title><content type='html'>Amazon.com Product Description: Combining a stunning, classic design from the 1950's and the latest in Swiss watch making craftsmanship, the Lugano Automatic is built to last a lifetime. Manufactured in a small but highly-specialized Swiss factory  ...</content><link rel='alternate' type='text/html' href='http://www.amazon.com/gp/product/B000PDHMZS'/><link rel='self' type='application/atom+xml' href='http://www.google.com/base/feeds/snippets/18128212370239981577'/><author><name>Amazon.com</name></author><g:id type='text'>B000PDHMZS</g:id><g:price type='floatUnit'>650.0 usd</g:price><g:target_country type='text'>US</g:target_country><g:condition type='text'>new</g:condition><g:expiration_date type='dateTime'>2008-08-08T09:13:25Z</g:expiration_date><g:brand type='text'>St Moritz Watch Corp</g:brand><g:product_type type='text'>Watches</g:product_type><g:mpn type='text'>1M-CD70S2</g:mpn><g:image_link type='url'>http://ecx.images-amazon.com/images/I/41BsnhUcFpL._SL500_AA280_.jpg</g:image_link><g:customer_id type='int'>2860562</g:customer_id><g:item_type type='text'>Products</g:item_type><g:item_language type='text'>EN</g:item_language></entry><entry><id>http://www.google.com/base/feeds/snippets/17154108788476606410</id><published>2008-06-25T05:39:17.000Z</published><updated>2008-07-09T09:12:32.000Z</updated><category scheme='http://base.google.com/categories/itemtypes' term='Products'/><title type='text'>Momentum Women's Lugano Rose Gold Alligator Watch #1M-CD77S3</title><content type='html'>Amazon.com Product Description: Combining a stunning, classic design from the 1950's and the latest in Swiss watch making craftsmanship, the Lugano Automatic is built to last a lifetime. Manufactured in a small but highly-specialized Swiss factory  ...</content><link rel='alternate' type='text/html' href='http://www.amazon.com/gp/product/B000PDHN0W'/><link rel='self' type='application/atom+xml' href='http://www.google.com/base/feeds/snippets/17154108788476606410'/><author><name>Amazon.com</name></author><g:id type='text'>B000PDHN0W</g:id><g:price type='floatUnit'>700.0 usd</g:price><g:target_country type='text'>US</g:target_country><g:condition type='text'>new</g:condition><g:expiration_date type='dateTime'>2008-08-08T09:12:32Z</g:expiration_date><g:brand type='text'>St Moritz Watch Corp</g:brand><g:product_type type='text'>Watches</g:product_type><g:mpn type='text'>1M-CD77S3</g:mpn><g:image_link type='url'>http://ecx.images-amazon.com/images/I/31r9RLUesCL._SL500_AA280_.jpg</g:image_link><g:customer_id type='int'>2860562</g:customer_id><g:item_type type='text'>Products</g:item_type><g:item_language type='text'>EN</g:item_language></entry><entry><id>http://www.google.com/base/feeds/snippets/9260494707705506281</id><published>2008-07-04T14:29:12.000Z</published><updated>2008-07-09T09:11:07.000Z</updated><category scheme='http://base.google.com/categories/itemtypes' term='Products'/><title type='text'>Momentum Midsize Lugano Chrono Alligator Watch #1M-CD78S2</title><content type='html'>Amazon.com Product Description: Combining a stunning, classic design from the 1950's and the latest in Swiss watch making craftsmanship, this Lugano chronograph timepiece is built to last a lifetime. Manufactured in a small but highly-specialized  ...</content><link rel='alternate' type='text/html' href='http://www.amazon.com/gp/product/B000PDHN1G'/><link rel='self' type='application/atom+xml' href='http://www.google.com/base/feeds/snippets/9260494707705506281'/><author><name>Amazon.com</name></author><g:id type='text'>B000PDHN1G</g:id><g:price type='floatUnit'>1800.0 usd</g:price><g:target_country type='text'>US</g:target_country><g:condition type='text'>new</g:condition><g:expiration_date type='dateTime'>2008-08-08T09:11:07Z</g:expiration_date><g:brand type='text'>St Moritz Watch Corp</g:brand><g:product_type type='text'>Watches</g:product_type><g:image_link type='url'>http://ecx.images-amazon.com/images/I/41wtURCkxGL._SL500_AA280_.jpg</g:image_link><g:mpn type='text'>1M-CD78S2</g:mpn><g:customer_id type='int'>2860562</g:customer_id><g:item_type type='text'>Products</g:item_type><g:item_language type='text'>EN</g:item_language></entry><entry><id>http://www.google.com/base/feeds/snippets/7678584782207680933</id><published>2008-06-25T05:39:17.000Z</published><updated>2008-07-09T09:12:32.000Z</updated><category scheme='http://base.google.com/categories/itemtypes' term='Products'/><title type='text'>Momentum Midsize Lugano Chrono Soft Mesh Watch #1M-CD78S0</title><content type='html'>Amazon.com Product Description: Combining a stunning, classic design from the 1950's and the latest in Swiss watch making craftsmanship, this Lugano chronograph timepiece is built to last a lifetime. Manufactured in a small but highly-specialized  ...</content><link rel='alternate' type='text/html' href='http://www.amazon.com/gp/product/B000PDETK4'/><link rel='self' type='application/atom+xml' href='http://www.google.com/base/feeds/snippets/7678584782207680933'/><author><name>Amazon.com</name></author><g:id type='text'>B000PDETK4</g:id><g:price type='floatUnit'>1780.0 usd</g:price><g:target_country type='text'>US</g:target_country><g:condition type='text'>new</g:condition><g:expiration_date type='dateTime'>2008-08-08T09:12:32Z</g:expiration_date><g:brand type='text'>St Moritz Watch Corp</g:brand><g:product_type type='text'>Watches</g:product_type><g:mpn type='text'>1M-CD78S0</g:mpn><g:image_link type='url'>http://ecx.images-amazon.com/images/I/41RccuD5AzL._SL500_AA280_.jpg</g:image_link><g:customer_id type='int'>2860562</g:customer_id><g:item_type type='text'>Products</g:item_type><g:item_language type='text'>EN</g:item_language></entry><entry><id>http://www.google.com/base/feeds/snippets/1057202325191215537</id><published>2008-06-25T05:38:17.000Z</published><updated>2008-07-09T09:11:07.000Z</updated><category scheme='http://base.google.com/categories/itemtypes' term='Products'/><title type='text'>Momentum Lugano Women's Palladium Alligator Watch #1M-CD75S2</title><content type='html'>Amazon.com Product Description: Combining a stunning, classic design from the 1950's and the latest in Swiss watch making craftsmanship, the Lugano Automatic is built to last a lifetime. Manufactured in a small but highly-specialized Swiss factory  ...</content><link rel='alternate' type='text/html' href='http://www.amazon.com/gp/product/B000PDHN0C'/><link rel='self' type='application/atom+xml' href='http://www.google.com/base/feeds/snippets/1057202325191215537'/><author><name>Amazon.com</name></author><g:id type='text'>B000PDHN0C</g:id><g:price type='floatUnit'>650.0 usd</g:price><g:target_country type='text'>US</g:target_country><g:condition type='text'>new</g:condition><g:expiration_date type='dateTime'>2008-08-08T09:11:07Z</g:expiration_date><g:brand type='text'>St Moritz Watch Corp</g:brand><g:product_type type='text'>Watches</g:product_type><g:image_link type='url'>http://ecx.images-amazon.com/images/I/31PsQ18NMEL._SL500_AA280_.jpg</g:image_link><g:mpn type='text'>1M-CD75S2</g:mpn><g:customer_id type='int'>2860562</g:customer_id><g:item_type type='text'>Products</g:item_type><g:item_language type='text'>EN</g:item_language></entry><entry><id>http://www.google.com/base/feeds/snippets/17050284701939162069</id><published>2008-06-25T05:40:09.000Z</published><updated>2008-07-09T09:13:25.000Z</updated><category scheme='http://base.google.com/categories/itemtypes' term='Products'/><title type='text'>Momentum Atlas Women's Cordura Watch #1M-SP01O6B</title><content type='html'>Amazon.com Product Description: The ultimate understated sports watch, the Atlas is Momentum's 21st-century take on the classic field watch. Designed for casual wear and everyday use, this bold, stylish women's watch features oversized white dial  ...</content><link rel='alternate' type='text/html' href='http://www.amazon.com/gp/product/B000PDD0XQ'/><link rel='self' type='application/atom+xml' href='http://www.google.com/base/feeds/snippets/17050284701939162069'/><author><name>Amazon.com</name></author><g:id type='text'>B000PDD0XQ</g:id><g:price type='floatUnit'>110.0 usd</g:price><g:target_country type='text'>US</g:target_country><g:condition type='text'>new</g:condition><g:expiration_date type='dateTime'>2008-08-08T09:13:25Z</g:expiration_date><g:brand type='text'>St Moritz Watch Corp</g:brand><g:product_type type='text'>Watches</g:product_type><g:mpn type='text'>1M-SP01O6B</g:mpn><g:image_link type='url'>http://ecx.images-amazon.com/images/I/31s6vQPY9%2BL._SL500_AA280_.jpg</g:image_link><g:customer_id type='int'>2860562</g:customer_id><g:item_type type='text'>Products</g:item_type><g:item_language type='text'>EN</g:item_language></entry><entry><id>http://www.google.com/base/feeds/snippets/16689739023560246340</id><published>2008-06-25T05:39:17.000Z</published><updated>2008-07-09T09:12:32.000Z</updated><category scheme='http://base.google.com/categories/itemtypes' term='Products'/><title type='text'>Momentum Atlas Women's Titanium Bracelet Watch #1M-SP01R0</title><content type='html'>Amazon.com Product Description: The ultimate understated sports watch, the Atlas is Momentum's 21st-century take on the classic field watch. Designed for casual wear and everyday use, this bold, stylish women's watch features oversized white dial  ...</content><link rel='alternate' type='text/html' href='http://www.amazon.com/gp/product/B000PDD0YK'/><link rel='self' type='application/atom+xml' href='http://www.google.com/base/feeds/snippets/16689739023560246340'/><author><name>Amazon.com</name></author><g:id type='text'>B000PDD0YK</g:id><g:price type='floatUnit'>170.0 usd</g:price><g:target_country type='text'>US</g:target_country><g:condition type='text'>new</g:condition><g:expiration_date type='dateTime'>2008-08-08T09:12:32Z</g:expiration_date><g:brand type='text'>St Moritz Watch Corp</g:brand><g:product_type type='text'>Watches</g:product_type><g:image_link type='url'>http://ecx.images-amazon.com/images/I/314V11YpgJL._SL500_AA280_.jpg</g:image_link><g:mpn type='text'>1M-SP01R0</g:mpn><g:customer_id type='int'>2860562</g:customer_id><g:item_type type='text'>Products</g:item_type><g:item_language type='text'>EN</g:item_language></entry><entry><id>http://www.google.com/base/feeds/snippets/16320254268103284380</id><published>2008-06-25T05:37:22.000Z</published><updated>2008-07-09T09:10:12.000Z</updated><category scheme='http://base.google.com/categories/itemtypes' term='Products'/><title type='text'>Momentum Atlas Women's Cordura Watch #1M-SP01O6O</title><content type='html'>Amazon.com Product Description: The ultimate understated sports watch, the Atlas is Momentum's 21st-century take on the classic field watch. Designed for casual wear and everyday use, this bold, stylish women's watch features oversized white dial  ...</content><link rel='alternate' type='text/html' href='http://www.amazon.com/gp/product/B000PDD0Y0'/><link rel='self' type='application/atom+xml' href='http://www.google.com/base/feeds/snippets/16320254268103284380'/><author><name>Amazon.com</name></author><g:id type='text'>B000PDD0Y0</g:id><g:price type='floatUnit'>110.0 usd</g:price><g:target_country type='text'>US</g:target_country><g:condition type='text'>new</g:condition><g:expiration_date type='dateTime'>2008-08-08T09:10:12Z</g:expiration_date><g:brand type='text'>St Moritz Watch Corp</g:brand><g:product_type type='text'>Watches</g:product_type><g:mpn type='text'>1M-SP01O6O</g:mpn><g:image_link type='url'>http://ecx.images-amazon.com/images/I/41Kk7vebWDL._SL500_AA280_.jpg</g:image_link><g:customer_id type='int'>2860562</g:customer_id><g:item_type type='text'>Products</g:item_type><g:item_language type='text'>EN</g:item_language></entry><entry><id>http://www.google.com/base/feeds/snippets/16311458335772662867</id><published>2008-06-26T06:35:09.000Z</published><updated>2008-07-09T09:09:16.000Z</updated><category scheme='http://base.google.com/categories/itemtypes' term='Products'/><title type='text'>Momentum Atlas Men's Cordura Watch #1M-SP00O6O</title><content type='html'>Amazon.com Product Description: The ultimate understated sports watch, the Atlas is Momentum's 21st-century take on the classic field watch. Designed for casual wear and everyday use, this playful yet sturdy men's watch features oversized white dial ...</content><link rel='alternate' type='text/html' href='http://www.amazon.com/gp/product/B000PDETD6'/><link rel='self' type='application/atom+xml' href='http://www.google.com/base/feeds/snippets/16311458335772662867'/><author><name>Amazon.com</name></author><g:id type='text'>B000PDETD6</g:id><g:price type='floatUnit'>110.0 usd</g:price><g:target_country type='text'>US</g:target_country><g:condition type='text'>new</g:condition><g:expiration_date type='dateTime'>2008-08-08T09:09:16Z</g:expiration_date><g:brand type='text'>St Moritz Watch Corp</g:brand><g:product_type type='text'>Watches</g:product_type><g:mpn type='text'>1M-SP00O6O</g:mpn><g:image_link type='url'>http://ecx.images-amazon.com/images/I/41KQqIIc8dL._SL500_AA280_.jpg</g:image_link><g:customer_id type='int'>2860562</g:customer_id><g:item_type type='text'>Products</g:item_type><g:item_language type='text'>EN</g:item_language></entry><entry><id>http://www.google.com/base/feeds/snippets/16158280086368951275</id><published>2008-06-25T05:37:22.000Z</published><updated>2008-07-09T09:10:12.000Z</updated><category scheme='http://base.google.com/categories/itemtypes' term='Products'/><title type='text'>Momentum Atlas Women's Cordura Watch #1M-SP01R6B</title><content type='html'>Amazon.com Product Description: The ultimate understated sports watch, the Atlas is Momentum's 21st-century take on the classic field watch. Designed for casual wear and everyday use, this bold, stylish women's watch features oversized white dial  ...</content><link rel='alternate' type='text/html' href='http://www.amazon.com/gp/product/B000PDHMTY'/><link rel='self' type='application/atom+xml' href='http://www.google.com/base/feeds/snippets/16158280086368951275'/><author><name>Amazon.com</name></author><g:id type='text'>B000PDHMTY</g:id><g:price type='floatUnit'>110.0 usd</g:price><g:target_country type='text'>US</g:target_country><g:condition type='text'>new</g:condition><g:expiration_date type='dateTime'>2008-08-08T09:10:12Z</g:expiration_date><g:brand type='text'>St Moritz Watch Corp</g:brand><g:product_type type='text'>Watches</g:product_type><g:image_link type='url'>http://ecx.images-amazon.com/images/I/31PfJ4gQsDL._SL500_AA280_.jpg</g:image_link><g:mpn type='text'>1M-SP01R6B</g:mpn><g:customer_id type='int'>2860562</g:customer_id><g:item_type type='text'>Products</g:item_type><g:item_language type='text'>EN</g:item_language></entry><entry><id>http://www.google.com/base/feeds/snippets/14479450303017034327</id><published>2008-06-25T05:37:22.000Z</published><updated>2008-07-09T09:11:07.000Z</updated><category scheme='http://base.google.com/categories/itemtypes' term='Products'/><title type='text'>Momentum Atlas Women's Titanium Bracelet Watch #1M-SP01W0</title><content type='html'>Amazon.com Product Description: The ultimate understated sports watch, the Atlas is Momentum's 21st-century take on the classic field watch. Designed for casual wear and everyday use, this bold, stylish women's watch features oversized black dial  ...</content><link rel='alternate' type='text/html' href='http://www.amazon.com/gp/product/B000PDFSU4'/><link rel='self' type='application/atom+xml' href='http://www.google.com/base/feeds/snippets/14479450303017034327'/><author><name>Amazon.com</name></author><g:id type='text'>B000PDFSU4</g:id><g:price type='floatUnit'>170.0 usd</g:price><g:target_country type='text'>US</g:target_country><g:condition type='text'>new</g:condition><g:expiration_date type='dateTime'>2008-08-08T09:11:07Z</g:expiration_date><g:brand type='text'>St Moritz Watch Corp</g:brand><g:product_type type='text'>Watches</g:product_type><g:mpn type='text'>1M-SP01W0</g:mpn><g:image_link type='url'>http://ecx.images-amazon.com/images/I/31gUQmc7erL._SL500_AA280_.jpg</g:image_link><g:customer_id type='int'>2860562</g:customer_id><g:item_type type='text'>Products</g:item_type><g:item_language type='text'>EN</g:item_language></entry><entry><id>http://www.google.com/base/feeds/snippets/14191747530442980728</id><published>2008-02-06T18:06:27.000Z</published><updated>2008-07-09T09:09:16.000Z</updated><category scheme='http://base.google.com/categories/itemtypes' term='Products'/><title type='text'>Momentum Atlas Women's Green Titanium Bracelet Watch #1M-SP01G0</title><content type='html'>Amazon.com Product Description: The ultimate understated sports watch, the Atlas is Momentum's 21st-century take on the classic field watch. Designed for casual wear and everyday use, this bold, stylish women's watch features oversized white dial  ...</content><link rel='alternate' type='text/html' href='http://www.amazon.com/gp/product/B000PDETFE'/><link rel='self' type='application/atom+xml' href='http://www.google.com/base/feeds/snippets/14191747530442980728'/><author><name>Amazon.com</name></author><g:id type='text'>B000PDETFE</g:id><g:price type='floatUnit'>170.0 usd</g:price><g:target_country type='text'>US</g:target_country><g:condition type='text'>new</g:condition><g:expiration_date type='dateTime'>2008-08-08T09:09:16Z</g:expiration_date><g:brand type='text'>St Moritz Watch Corp</g:brand><g:product_type type='text'>Watches</g:product_type><g:mpn type='text'>1M-SP01G0</g:mpn><g:image_link type='url'>http://ecx.images-amazon.com/images/I/31gQONCwsML._SL500_AA280_.jpg</g:image_link><g:customer_id type='int'>2860562</g:customer_id><g:item_type type='text'>Products</g:item_type><g:item_language type='text'>EN</g:item_language></entry><entry><id>http://www.google.com/base/feeds/snippets/14128173563855140110</id><published>2008-06-25T05:40:09.000Z</published><updated>2008-07-09T09:13:25.000Z</updated><category scheme='http://base.google.com/categories/itemtypes' term='Products'/><title type='text'>Momentum Atlas Women's Cordura Watch #1M-SP01W6B</title><content type='html'>Amazon.com Product Description: The ultimate understated sports watch, the Atlas is Momentum's 21st-century take on the classic field watch. Designed for casual wear and everyday use, this bold, stylish women's watch features oversized black dial  ...</content><link rel='alternate' type='text/html' href='http://www.amazon.com/gp/product/B000PDD0ZE'/><link rel='self' type='application/atom+xml' href='http://www.google.com/base/feeds/snippets/14128173563855140110'/><author><name>Amazon.com</name></author><g:id type='text'>B000PDD0ZE</g:id><g:price type='floatUnit'>110.0 usd</g:price><g:target_country type='text'>US</g:target_country><g:condition type='text'>new</g:condition><g:expiration_date type='dateTime'>2008-08-08T09:13:25Z</g:expiration_date><g:brand type='text'>St Moritz Watch Corp</g:brand><g:product_type type='text'>Watches</g:product_type><g:mpn type='text'>1M-SP01W6B</g:mpn><g:image_link type='url'>http://ecx.images-amazon.com/images/I/31EYJaP9-sL._SL500_AA280_.jpg</g:image_link><g:customer_id type='int'>2860562</g:customer_id><g:item_type type='text'>Products</g:item_type><g:item_language type='text'>EN</g:item_language></entry><entry><id>http://www.google.com/base/feeds/snippets/13278077380027566184</id><published>2008-03-11T14:13:02.000Z</published><updated>2008-07-09T09:10:12.000Z</updated><category scheme='http://base.google.com/categories/itemtypes' term='Products'/><title type='text'>Momentum Atlas Men's Green Titanium Bracelet Watch #1M-SP00G0</title><content type='html'>Amazon.com Product Description: The ultimate understated sports watch, the Atlas is Momentum's 21st-century take on the classic field watch. Designed for casual wear and everyday use, this bold, sturdy men's watch features oversized white dial  ...</content><link rel='alternate' type='text/html' href='http://www.amazon.com/gp/product/B000PDETC2'/><link rel='self' type='application/atom+xml' href='http://www.google.com/base/feeds/snippets/13278077380027566184'/><author><name>Amazon.com</name></author><g:id type='text'>B000PDETC2</g:id><g:price type='floatUnit'>170.0 usd</g:price><g:target_country type='text'>US</g:target_country><g:condition type='text'>new</g:condition><g:expiration_date type='dateTime'>2008-08-08T09:10:12Z</g:expiration_date><g:brand type='text'>St Moritz Watch Corp</g:brand><g:product_type type='text'>Watches</g:product_type><g:mpn type='text'>1M-SP00G0</g:mpn><g:image_link type='url'>http://ecx.images-amazon.com/images/I/41YTAFtxvJL._SL500_AA280_.jpg</g:image_link><g:customer_id type='int'>2860562</g:customer_id><g:item_type type='text'>Products</g:item_type><g:item_language type='text'>EN</g:item_language></entry><entry><id>http://www.google.com/base/feeds/snippets/13261458591518961689</id><published>2008-06-25T05:40:09.000Z</published><updated>2008-07-09T09:13:25.000Z</updated><category scheme='http://base.google.com/categories/itemtypes' term='Products'/><title type='text'>Momentum Atlas Women's Green Khaki Cordura Watch #1M-SP01G6G</title><content type='html'>Amazon.com Product Description: The ultimate understated sports watch, the Atlas is Momentum's 21st-century take on the classic field watch. Designed for casual wear and everyday use, this bold, stylish women's watch features oversized white dial  ...</content><link rel='alternate' type='text/html' href='http://www.amazon.com/gp/product/B000PDHMSK'/><link rel='self' type='application/atom+xml' href='http://www.google.com/base/feeds/snippets/13261458591518961689'/><author><name>Amazon.com</name></author><g:id type='text'>B000PDHMSK</g:id><g:price type='floatUnit'>110.0 usd</g:price><g:target_country type='text'>US</g:target_country><g:condition type='text'>new</g:condition><g:expiration_date type='dateTime'>2008-08-08T09:13:25Z</g:expiration_date><g:brand type='text'>St Moritz Watch Corp</g:brand><g:product_type type='text'>Watches</g:product_type><g:image_link type='url'>http://ecx.images-amazon.com/images/I/41WtevvdvwL._SL500_AA280_.jpg</g:image_link><g:mpn type='text'>1M-SP01G6G</g:mpn><g:customer_id type='int'>2860562</g:customer_id><g:item_type type='text'>Products</g:item_type><g:item_language type='text'>EN</g:item_language></entry><entry><id>http://www.google.com/base/feeds/snippets/12878104010190290894</id><published>2008-06-25T05:37:22.000Z</published><updated>2008-07-09T09:10:12.000Z</updated><category scheme='http://base.google.com/categories/itemtypes' term='Products'/><title type='text'>Momentum Atlas Women's Green Cordura Watch #1M-SP01G6B</title><content type='html'>Amazon.com Product Description: The ultimate understated sports watch, the Atlas is Momentum's 21st-century take on the classic field watch. Designed for casual wear and everyday use, this bold, stylish women's watch features oversized white dial  ...</content><link rel='alternate' type='text/html' href='http://www.amazon.com/gp/product/B000PDD0WW'/><link rel='self' type='application/atom+xml' href='http://www.google.com/base/feeds/snippets/12878104010190290894'/><author><name>Amazon.com</name></author><g:id type='text'>B000PDD0WW</g:id><g:price type='floatUnit'>110.0 usd</g:price><g:target_country type='text'>US</g:target_country><g:condition type='text'>new</g:condition><g:expiration_date type='dateTime'>2008-08-08T09:10:12Z</g:expiration_date><g:brand type='text'>St Moritz Watch Corp</g:brand><g:product_type type='text'>Watches</g:product_type><g:image_link type='url'>http://ecx.images-amazon.com/images/I/31VaQyyAdRL._SL500_AA280_.jpg</g:image_link><g:mpn type='text'>1M-SP01G6B</g:mpn><g:customer_id type='int'>2860562</g:customer_id><g:item_type type='text'>Products</g:item_type><g:item_language type='text'>EN</g:item_language></entry><entry><id>http://www.google.com/base/feeds/snippets/12746953201426236732</id><published>2008-06-25T05:37:22.000Z</published><updated>2008-07-09T09:10:12.000Z</updated><category scheme='http://base.google.com/categories/itemtypes' term='Products'/><title type='text'>Momentum Atlas Women's Titanium Bracelet Watch #1M-SP01O0</title><content type='html'>Amazon.com Product Description: The ultimate understated sports watch, the Atlas is Momentum's 21st-century take on the classic field watch. Designed for casual wear and everyday use, this bold, stylish women's watch features oversized white dial  ...</content><link rel='alternate' type='text/html' href='http://www.amazon.com/gp/product/B000PDD0X6'/><link rel='self' type='application/atom+xml' href='http://www.google.com/base/feeds/snippets/12746953201426236732'/><author><name>Amazon.com</name></author><g:id type='text'>B000PDD0X6</g:id><g:price type='floatUnit'>170.0 usd</g:price><g:target_country type='text'>US</g:target_country><g:condition type='text'>new</g:condition><g:expiration_date type='dateTime'>2008-08-08T09:10:12Z</g:expiration_date><g:brand type='text'>St Moritz Watch Corp</g:brand><g:product_type type='text'>Watches</g:product_type><g:image_link type='url'>http://ecx.images-amazon.com/images/I/31oFl22TldL._SL500_AA280_.jpg</g:image_link><g:mpn type='text'>1M-SP01O0</g:mpn><g:customer_id type='int'>2860562</g:customer_id><g:item_type type='text'>Products</g:item_type><g:item_language type='text'>EN</g:item_language></entry><entry><id>http://www.google.com/base/feeds/snippets/11008453481959812492</id><published>2008-06-25T05:37:22.000Z</published><updated>2008-07-09T09:10:12.000Z</updated><category scheme='http://base.google.com/categories/itemtypes' term='Products'/><title type='text'>Momentum Atlas Women's Khaki Cordura Watch #1M-SP01W6G</title><content type='html'>Amazon.com Product Description: The ultimate understated sports watch, the Atlas is Momentum's 21st-century take on the classic field watch. Designed for casual wear and everyday use, this bold, stylish women's watch features oversized black dial  ...</content><link rel='alternate' type='text/html' href='http://www.amazon.com/gp/product/B000PDETGS'/><link rel='self' type='application/atom+xml' href='http://www.google.com/base/feeds/snippets/11008453481959812492'/><author><name>Amazon.com</name></author><g:id type='text'>B000PDETGS</g:id><g:price type='floatUnit'>110.0 usd</g:price><g:target_country type='text'>US</g:target_country><g:condition type='text'>new</g:condition><g:expiration_date type='dateTime'>2008-08-08T09:10:12Z</g:expiration_date><g:brand type='text'>St Moritz Watch Corp</g:brand><g:product_type type='text'>Watches</g:product_type><g:mpn type='text'>1M-SP01W6G</g:mpn><g:image_link type='url'>http://ecx.images-amazon.com/images/I/41U7v5Yme4L._SL500_AA280_.jpg</g:image_link><g:customer_id type='int'>2860562</g:customer_id><g:item_type type='text'>Products</g:item_type><g:item_language type='text'>EN</g:item_language></entry><entry><id>http://www.google.com/base/feeds/snippets/7944828158496275441</id><published>2008-05-29T09:30:05.000Z</published><updated>2008-07-09T09:10:12.000Z</updated><category scheme='http://base.google.com/categories/itemtypes' term='Products'/><title type='text'>Momentum Atlas Women's Khaki Cordura Watch #1M-SP01B6G</title><content type='html'>Amazon.com Product Description: The ultimate understated sports watch, the Atlas is Momentum's 21st-century take on the classic field watch. Designed for casual wear and everyday use, this bold, stylish women's watch features oversized white dial  ...</content><link rel='alternate' type='text/html' href='http://www.amazon.com/gp/product/B000PDD0WC'/><link rel='self' type='application/atom+xml' href='http://www.google.com/base/feeds/snippets/7944828158496275441'/><author><name>Amazon.com</name></author><g:id type='text'>B000PDD0WC</g:id><g:price type='floatUnit'>110.0 usd</g:price><g:target_country type='text'>US</g:target_country><g:condition type='text'>new</g:condition><g:expiration_date type='dateTime'>2008-08-08T09:10:12Z</g:expiration_date><g:brand type='text'>St Moritz Watch Corp</g:brand><g:product_type type='text'>Watches</g:product_type><g:mpn type='text'>1M-SP01B6G</g:mpn><g:image_link type='url'>http://ecx.images-amazon.com/images/I/41DcUYILVtL._SL500_AA280_.jpg</g:image_link><g:customer_id type='int'>2860562</g:customer_id><g:item_type type='text'>Products</g:item_type><g:item_language type='text'>EN</g:item_language></entry></feed>