<peopleCollection>
    <person>
        <id>1</id>
        <firstName>John</firstName>
        <lastName>Smith</lastName>
        <country>United States</country>
    </person>
    <person>
        <id>2</id>
        <firstName>Amit</firstName>
        <lastName>Sharma</lastName>
        <country>India</country>
    </person>
    <person>
        <id>3</id>
        <firstName>Alex</firstName>
        <lastName>Smirnov</lastName>
        <country>Russia</country>
    </person>
    <person>
        <id>4</id>
        <firstName>Ying</firstName>
        <lastName>Chen</lastName>
        <country>China</country>
    </person>
</peopleCollection>
