<?xml version="1.0"?>
<MedalTally>
	<MedalWinner>
		<ThreeLetterCode>USA</ThreeLetterCode>
		<Name>United States</Name>
		<GoldMedalCount>35</GoldMedalCount>
		<SilverMedalCount>39</SilverMedalCount>
		<BronzeMedalCount>29</BronzeMedalCount>
	</MedalWinner>
	<MedalWinner>
		<ThreeLetterCode>CHN</ThreeLetterCode>
		<Name>China</Name>
		<GoldMedalCount>32</GoldMedalCount>
		<SilverMedalCount>17</SilverMedalCount>
		<BronzeMedalCount>14</BronzeMedalCount>
	</MedalWinner>
	<MedalWinner>
		<ThreeLetterCode>RUS</ThreeLetterCode>
		<Name>Russia</Name>
		<GoldMedalCount>27</GoldMedalCount>
		<SilverMedalCount>27</SilverMedalCount>
		<BronzeMedalCount>38</BronzeMedalCount>
	</MedalWinner>
	<MedalWinner>
		<ThreeLetterCode>AUS</ThreeLetterCode>
		<Name>Australia</Name>
		<GoldMedalCount>17</GoldMedalCount>
		<SilverMedalCount>16</SilverMedalCount>
		<BronzeMedalCount>16</BronzeMedalCount>
	</MedalWinner>
	<MedalWinner>
		<ThreeLetterCode>JPN</ThreeLetterCode>
		<Name>Japan</Name>
		<GoldMedalCount>16</GoldMedalCount>
		<SilverMedalCount>9</SilverMedalCount>
		<BronzeMedalCount>12</BronzeMedalCount>
	</MedalWinner>
</MedalTally>