<?xml version="1.0" encoding="utf-8"?>
<sparql xmlns="http://www.w3.org/2005/sparql-results#">
	
	<head>
		<variable name="x"/>
		<variable name="hpage"/>
	</head>
	
	<results>
		<result>
			<binding name="x">
				<bnode>r2</bnode>
			</binding>
			<binding name="hpage">
				<uri>http://work.example.org/bob/</uri>
			</binding>
			<binding name="name">
				<literal xml:lang="en">Bob</literal>
			</binding>
			<binding name="age">
				<literal datatype="http://www.w3.org/2001/XMLSchema#integer">30</literal>
			</binding>
			<binding name="mbox">
				<uri>mailto:bob@work.example.org</uri>
			</binding>
		</result>
	</results>
	
</sparql>